Timestamp,Left_Knee_Angle,Right_Knee_Angle,Leg_Separation_Angle
2025-11-26 12:53:31,141.5,175.37,32.95
2025-11-26 12:53:31,159.75,174.38,34.28
2025-11-26 12:53:31,160.65,172.73,33.11
2025-11-26 12:53:31,169.5,174.54,32.01
2025-11-26 12:53:31,170.25,176.57,31.1
2025-11-26 12:53:31,174.01,179.29,29.58
2025-11-26 12:53:31,177.51,179.15,28.67
2025-11-26 12:53:31,178.7,176.14,27.75
2025-11-26 12:53:32,177.26,177.58,28.28
2025-11-26 12:53:32,177.79,177.48,27.84
2025-11-26 12:53:32,176.86,179.07,30.5
2025-11-26 12:53:32,179.28,178.74,32.6
2025-11-26 12:53:32,177.19,179.99,31.82
2025-11-26 12:53:32,176.32,179.95,31.59
2025-11-26 12:53:32,176.69,178.67,31.94
2025-11-26 12:53:32,175.95,178.09,32.52
2025-11-26 12:53:32,175.07,177.72,33.86
2025-11-26 12:53:32,175.97,178.12,33.7
2025-11-26 12:53:32,174.92,178.35,34.13
2025-11-26 12:53:32,175.36,177.95,33.24
2025-11-26 12:53:32,175.42,178.13,33.31
2025-11-26 12:53:33,174.3,177.89,35.08
2025-11-26 12:53:33,174.68,178.13,34.82
2025-11-26 12:53:33,174.23,178.49,34.79
2025-11-26 12:53:33,173.56,178.65,34.93
2025-11-26 12:53:33,172.24,178.26,35.15
2025-11-26 12:53:33,172.16,178.07,36.13
2025-11-26 12:53:33,172.05,178.06,35.85
2025-11-26 12:53:33,171.56,177.99,36.13
2025-11-26 12:53:33,168.33,176.66,37.27
2025-11-26 12:53:33,168.98,177.01,37.08
2025-11-26 12:53:33,168.92,176.94,36.91
2025-11-26 12:53:33,168.89,176.86,37.09
2025-11-26 12:53:33,170.02,176.91,37.03
2025-11-26 12:53:34,170.21,176.91,37.04
2025-11-26 12:53:34,170.19,177.31,37.29
2025-11-26 12:53:34,170.67,178.42,38.19
2025-11-26 12:53:34,170.61,178.71,41.82
2025-11-26 12:53:34,170.68,178.19,42.53
2025-11-26 12:53:34,170.72,177.26,43.64
2025-11-26 12:53:34,170.64,176.99,43.25
2025-11-26 12:53:34,170.63,176.27,43.6
2025-11-26 12:53:34,170.82,176.08,43.59
2025-11-26 12:53:34,170.73,175.89,43.43
2025-11-26 12:53:34,170.52,175.49,43.76
2025-11-26 12:53:34,171.18,175.7,43.3
2025-11-26 12:53:34,170.55,175.5,44.1
2025-11-26 12:53:35,170.77,175.54,43.64
2025-11-26 12:53:35,170.91,175.61,43.46
2025-11-26 12:53:35,171.07,175.67,43.29
2025-11-26 12:53:35,170.8,175.46,43.14
2025-11-26 12:53:35,170.67,175.55,43.12
2025-11-26 12:53:35,169.32,175.0,42.82
2025-11-26 12:53:35,169.38,175.14,42.73
2025-11-26 12:53:35,169.35,175.39,42.28
2025-11-26 12:53:35,169.41,175.43,42.08
2025-11-26 12:53:35,169.57,175.22,41.75
2025-11-26 12:53:35,169.54,175.31,41.69
2025-11-26 12:53:35,169.32,175.15,41.67
2025-11-26 12:53:35,168.51,175.23,42.02
2025-11-26 12:53:35,168.79,174.75,42.04
2025-11-26 12:53:35,167.96,174.74,42.24
2025-11-26 12:53:36,168.04,174.08,42.51
2025-11-26 12:53:36,168.11,174.53,42.81
2025-11-26 12:53:36,168.27,174.71,42.79
2025-11-26 12:53:36,166.55,174.46,42.91
2025-11-26 12:53:36,166.16,174.25,43.14
2025-11-26 12:53:36,166.23,173.89,43.61
2025-11-26 12:53:36,164.96,173.7,44.37
2025-11-26 12:53:36,164.43,173.63,44.85
2025-11-26 12:53:36,159.89,173.34,45.67
2025-11-26 12:53:36,161.36,172.38,46.28
2025-11-26 12:53:36,159.23,171.57,47.04
2025-11-26 12:53:36,156.95,170.76,47.7
2025-11-26 12:53:36,156.39,168.55,47.69
2025-11-26 12:53:36,157.86,168.33,48.38
2025-11-26 12:53:37,156.78,167.1,48.42
2025-11-26 12:53:37,155.79,167.13,47.64
2025-11-26 12:53:37,156.69,168.55,46.98
2025-11-26 12:53:37,159.83,171.1,44.02
2025-11-26 12:53:37,153.65,171.46,45.35
2025-11-26 12:53:37,157.58,168.19,47.34
2025-11-26 12:53:37,160.06,169.17,47.83
2025-11-26 12:53:37,161.79,170.12,46.66
2025-11-26 12:53:37,163.24,170.57,45.74
2025-11-26 12:53:37,164.02,170.29,45.64
2025-11-26 12:53:37,164.05,170.27,45.96
2025-11-26 12:53:37,164.76,170.2,46.57
2025-11-26 12:53:37,165.37,170.08,47.54
2025-11-26 12:53:37,166.17,170.86,48.18
2025-11-26 12:53:38,169.9,171.78,48.27
2025-11-26 12:53:38,171.59,172.21,48.43
2025-11-26 12:53:38,171.99,173.02,48.9
2025-11-26 12:53:38,172.14,173.47,48.97
2025-11-26 12:53:38,173.6,174.01,49.07
2025-11-26 12:53:38,173.32,174.19,49.03
2025-11-26 12:53:38,173.15,174.17,49.27
2025-11-26 12:53:38,172.8,174.38,48.98
2025-11-26 12:53:38,172.72,174.28,48.94
2025-11-26 12:53:38,171.89,174.28,49.43
2025-11-26 12:53:38,171.12,174.07,49.43
2025-11-26 12:53:38,172.9,175.08,50.53
2025-11-26 12:53:38,174.59,176.09,50.7
2025-11-26 12:53:38,175.29,176.21,50.81
2025-11-26 12:53:39,175.25,176.23,50.76
2025-11-26 12:53:39,175.07,176.15,50.83
2025-11-26 12:53:39,176.1,176.69,50.51
2025-11-26 12:53:39,177.2,177.13,50.55
2025-11-26 12:53:39,176.61,176.89,50.3
2025-11-26 12:53:39,176.05,176.54,50.11
2025-11-26 12:53:39,175.84,176.35,50.07
2025-11-26 12:53:39,175.23,176.21,49.97
2025-11-26 12:53:39,174.76,176.06,49.88
2025-11-26 12:53:39,173.73,175.94,49.97
2025-11-26 12:53:39,173.31,175.77,49.96
2025-11-26 12:53:39,171.33,174.67,49.52
2025-11-26 12:53:39,171.17,174.33,49.42
2025-11-26 12:53:39,170.86,173.4,48.79
2025-11-26 12:53:39,170.58,173.26,48.64
2025-11-26 12:53:40,170.03,173.27,48.66
2025-11-26 12:53:40,170.74,173.63,48.82
2025-11-26 12:53:40,172.21,174.13,49.17
2025-11-26 12:53:40,174.21,175.29,49.69
2025-11-26 12:53:40,174.95,176.58,46.54
2025-11-26 12:53:40,176.09,177.23,42.53
2025-11-26 12:53:40,176.71,178.12,40.09
2025-11-26 12:53:40,179.26,179.31,37.25
2025-11-26 12:53:40,178.69,178.74,39.09
2025-11-26 12:53:40,175.09,179.74,33.52
2025-11-26 12:53:40,175.05,178.65,31.41
2025-11-26 12:53:40,174.14,178.91,30.78
2025-11-26 12:53:40,176.72,179.47,30.71
2025-11-26 12:53:40,177.58,179.63,34.56
2025-11-26 12:53:40,178.69,179.16,36.27
2025-11-26 12:53:41,178.29,178.96,36.68
2025-11-26 12:53:41,178.19,178.73,36.7
2025-11-26 12:53:41,178.17,178.63,37.01
2025-11-26 12:53:41,178.61,178.68,36.98
2025-11-26 12:53:41,178.64,178.68,36.94
2025-11-26 12:53:41,178.62,178.6,37.15
2025-11-26 12:53:41,178.73,178.58,37.44
2025-11-26 12:53:41,179.17,178.62,37.49
2025-11-26 12:53:41,179.47,178.82,37.2
2025-11-26 12:53:41,179.84,178.94,37.27
2025-11-26 12:53:41,179.69,178.78,37.29
2025-11-26 12:53:41,179.71,178.84,37.11
2025-11-26 12:53:41,179.44,178.84,37.71
2025-11-26 12:53:41,179.45,178.96,37.71
2025-11-26 12:53:41,179.71,179.48,36.32
2025-11-26 12:53:42,179.72,179.31,35.55
2025-11-26 12:53:42,179.89,179.58,34.1
2025-11-26 12:53:42,179.81,179.87,33.73
2025-11-26 12:53:42,177.0,179.96,34.26
2025-11-26 12:53:42,176.48,179.79,34.76
2025-11-26 12:53:42,174.68,179.69,35.14
2025-11-26 12:53:42,173.38,178.36,35.29
2025-11-26 12:53:42,172.96,177.96,34.79
2025-11-26 12:53:42,176.21,178.86,37.05
2025-11-26 12:53:42,177.45,178.98,38.84
2025-11-26 12:53:42,178.67,179.43,39.93
2025-11-26 12:53:42,178.81,179.55,43.26
2025-11-26 12:53:42,178.03,179.3,44.63
2025-11-26 12:53:42,179.09,179.22,46.69
2025-11-26 12:53:43,179.08,178.68,47.51
2025-11-26 12:53:43,177.47,177.68,52.2
2025-11-26 12:53:43,175.61,176.89,52.69
2025-11-26 12:53:43,175.59,177.28,51.57
2025-11-26 12:53:43,175.98,177.62,51.41
2025-11-26 12:53:43,176.14,177.72,51.6
2025-11-26 12:53:43,173.41,176.63,50.73
2025-11-26 12:53:43,173.77,176.33,50.34
2025-11-26 12:53:43,174.02,176.42,50.16
2025-11-26 12:53:43,173.8,175.85,49.52
2025-11-26 12:53:43,173.55,175.97,49.12
2025-11-26 12:53:43,173.47,175.84,49.38
2025-11-26 12:53:43,173.07,175.74,49.48
2025-11-26 12:53:43,173.27,175.81,49.71
2025-11-26 12:53:44,173.78,175.97,49.68
2025-11-26 12:53:44,173.81,176.01,49.66
2025-11-26 12:53:44,174.61,176.27,50.2
2025-11-26 12:53:44,174.23,176.74,50.18
2025-11-26 12:53:44,174.65,177.2,50.04
2025-11-26 12:53:44,174.33,177.07,49.72
2025-11-26 12:53:44,174.38,177.28,49.45
2025-11-26 12:53:44,174.47,177.3,49.44
2025-11-26 12:53:44,174.46,177.07,49.43
2025-11-26 12:53:44,174.45,176.79,49.44
2025-11-26 12:53:44,175.0,176.93,49.41
2025-11-26 12:53:44,174.83,176.83,49.3
2025-11-26 12:53:44,174.89,176.86,49.31
2025-11-26 12:53:45,174.9,176.86,49.3
2025-11-26 12:53:45,175.31,177.01,49.3
2025-11-26 12:53:45,175.28,177.03,49.32
2025-11-26 12:53:45,175.3,177.02,49.25
2025-11-26 12:53:45,175.54,177.05,49.13
2025-11-26 12:53:45,175.34,177.19,48.9
2025-11-26 12:53:45,175.75,177.26,48.9
2025-11-26 12:53:45,175.51,177.04,48.87
2025-11-26 12:53:45,175.54,176.96,48.99
2025-11-26 12:53:45,174.72,176.88,49.45
2025-11-26 12:53:45,174.65,176.97,49.33
2025-11-26 12:53:45,174.83,177.05,49.46
2025-11-26 12:53:45,177.43,177.63,50.91
2025-11-26 12:53:45,177.75,177.93,51.08
2025-11-26 12:53:45,177.92,178.17,51.06
2025-11-26 12:53:46,177.94,178.39,51.09
2025-11-26 12:53:46,178.17,178.32,51.22
2025-11-26 12:53:46,178.57,178.38,51.54
2025-11-26 12:53:46,178.3,178.34,51.48
2025-11-26 12:53:46,178.25,178.29,51.59
2025-11-26 12:53:46,178.36,178.37,51.72
2025-11-26 12:53:46,178.18,178.17,52.45
2025-11-26 12:53:46,178.39,178.36,52.69
2025-11-26 12:53:46,178.3,178.33,52.52
2025-11-26 12:53:46,177.86,178.36,52.3
2025-11-26 12:53:46,177.35,178.06,52.18
2025-11-26 12:53:46,177.37,177.87,51.75
2025-11-26 12:53:46,176.69,177.91,51.37
2025-11-26 12:53:46,176.8,178.34,51.2
2025-11-26 12:53:46,176.83,178.4,51.18
2025-11-26 12:53:47,176.92,178.48,51.89
2025-11-26 12:53:47,177.52,178.68,51.81
2025-11-26 12:53:47,178.16,178.81,52.2
2025-11-26 12:53:47,178.72,179.0,52.4
2025-11-26 12:53:47,178.81,178.92,52.39
2025-11-26 12:53:47,179.01,178.74,52.2
2025-11-26 12:53:47,179.17,178.45,51.86
2025-11-26 12:53:47,179.4,178.46,51.89
2025-11-26 12:53:47,179.38,178.51,51.86
2025-11-26 12:53:47,179.44,178.62,51.87
2025-11-26 12:53:47,179.34,178.54,51.8
2025-11-26 12:53:47,179.38,178.66,52.06
2025-11-26 12:53:47,179.4,178.94,51.93
2025-11-26 12:53:47,179.57,178.98,52.1
2025-11-26 12:53:47,179.54,179.03,52.39
2025-11-26 12:53:47,179.39,179.02,52.34
2025-11-26 12:53:48,179.45,179.07,52.2
2025-11-26 12:53:48,179.66,179.09,52.26
2025-11-26 12:53:48,179.7,179.23,52.23
2025-11-26 12:53:48,179.68,179.25,52.2
2025-11-26 12:53:48,179.51,179.18,51.95
2025-11-26 12:53:48,179.24,179.22,51.98
2025-11-26 12:53:48,179.42,179.37,52.05
2025-11-26 12:53:48,179.53,179.18,52.51
2025-11-26 12:53:48,179.64,179.17,52.58
2025-11-26 12:53:48,179.63,178.96,53.03
2025-11-26 12:53:48,179.58,178.97,53.1
2025-11-26 12:53:48,179.55,178.97,53.11
2025-11-26 12:53:48,179.57,178.97,52.94
2025-11-26 12:53:48,179.58,178.96,52.92
2025-11-26 12:53:48,179.5,179.0,52.86
2025-11-26 12:53:48,179.36,179.04,52.8
2025-11-26 12:53:49,179.48,179.05,52.8
2025-11-26 12:53:49,179.43,179.08,52.64
2025-11-26 12:53:49,179.17,179.14,52.57
2025-11-26 12:53:49,178.95,179.18,52.49
2025-11-26 12:53:49,178.7,179.14,52.4
2025-11-26 12:53:49,178.68,179.13,52.31
2025-11-26 12:53:49,178.56,179.14,52.28
2025-11-26 12:53:49,178.93,178.82,53.21
2025-11-26 12:53:49,178.65,179.13,52.53
2025-11-26 12:53:49,178.92,179.35,52.11
2025-11-26 12:53:49,178.86,179.33,52.14
2025-11-26 12:53:49,178.83,179.33,52.14
2025-11-26 12:53:49,178.7,179.46,52.16
2025-11-26 12:53:49,178.91,179.47,52.29
2025-11-26 12:53:49,178.99,179.47,52.28
2025-11-26 12:53:49,179.16,179.44,52.32
2025-11-26 12:53:49,179.23,179.45,52.37
2025-11-26 12:53:50,178.92,179.52,52.41
2025-11-26 12:53:50,178.91,179.52,52.43
2025-11-26 12:53:50,178.69,179.54,52.37
2025-11-26 12:53:50,178.77,179.54,52.39
2025-11-26 12:53:50,178.63,179.56,52.58
2025-11-26 12:53:50,178.85,179.57,52.5
2025-11-26 12:53:50,179.25,179.66,52.64
2025-11-26 12:53:50,179.22,179.45,52.92
2025-11-26 12:53:50,179.21,179.44,52.96
2025-11-26 12:53:50,179.18,179.38,52.96
2025-11-26 12:53:50,179.19,179.36,53.03
2025-11-26 12:53:50,179.54,179.5,53.02
2025-11-26 12:53:50,179.6,179.51,53.05
2025-11-26 12:53:50,179.66,179.35,53.04
2025-11-26 12:53:50,179.68,179.34,53.02
2025-11-26 12:53:51,179.61,179.35,53.05
2025-11-26 12:53:51,179.7,179.36,53.09
2025-11-26 12:53:51,178.93,179.31,52.68
2025-11-26 12:53:51,179.16,179.16,52.86
2025-11-26 12:53:51,178.61,179.45,52.31
2025-11-26 12:53:51,178.54,179.45,52.32
2025-11-26 12:53:51,178.66,179.36,52.25
2025-11-26 12:53:51,177.99,179.09,51.63
2025-11-26 12:53:51,178.01,179.06,51.58
2025-11-26 12:53:51,178.33,179.04,51.64
2025-11-26 12:53:51,178.27,179.07,51.45
2025-11-26 12:53:51,178.33,179.08,51.46
2025-11-26 12:53:51,178.32,178.99,51.77
2025-11-26 12:53:51,178.48,178.99,51.77
2025-11-26 12:53:52,178.69,178.94,52.29
2025-11-26 12:53:52,178.7,178.91,52.36
2025-11-26 12:53:52,178.62,178.83,52.37
2025-11-26 12:53:52,178.83,179.03,52.52
2025-11-26 12:53:52,178.68,179.0,52.43
2025-11-26 12:53:52,178.58,179.13,52.17
2025-11-26 12:53:52,178.42,179.13,52.14
2025-11-26 12:53:52,178.4,179.07,52.16
2025-11-26 12:53:52,178.42,179.11,52.19
2025-11-26 12:53:52,178.39,179.12,52.16
2025-11-26 12:53:52,178.41,179.14,52.14
2025-11-26 12:53:52,178.56,179.2,52.18
2025-11-26 12:53:52,178.89,179.24,52.08
2025-11-26 12:53:52,178.82,179.28,51.99
2025-11-26 12:53:52,178.71,179.18,51.79
2025-11-26 12:53:53,178.65,179.18,51.78
2025-11-26 12:53:53,178.68,179.2,51.76
2025-11-26 12:53:53,178.87,179.16,51.57
2025-11-26 12:53:53,178.88,179.21,51.47
2025-11-26 12:53:53,179.62,179.17,51.66
2025-11-26 12:53:53,179.34,179.1,51.88
2025-11-26 12:53:53,179.14,178.93,51.87
2025-11-26 12:53:53,179.21,178.95,51.89
2025-11-26 12:53:53,179.15,178.91,52.19
2025-11-26 12:53:53,179.0,178.88,52.23
2025-11-26 12:53:53,179.03,178.94,52.29
2025-11-26 12:53:53,179.42,178.95,52.36
2025-11-26 12:53:53,179.33,178.9,52.41
2025-11-26 12:53:53,179.31,178.91,52.27
2025-11-26 12:53:53,179.08,178.89,52.27
2025-11-26 12:53:53,178.98,178.87,52.37
2025-11-26 12:53:53,179.45,178.87,52.39
2025-11-26 12:53:54,179.89,178.95,51.8
2025-11-26 12:53:54,179.53,178.75,52.02
2025-11-26 12:53:54,179.35,178.77,52.01
